username,domain,identifier,registration_time,expiration_time,metadata_address
user1,A.0.a,A.0.a/nwVr546wUenUqxMPlW23I4vKpHrQm1VY,2024/12/02 14:56:49,,
user2,A.0.a,A.0.a/7aYaFXhfJzgjy7inbIYnoV8HPvWTQ86h,2024/12/02 14:56:49,,
user3,A.0.a,A.0.a/YYFtkYguI8H3ovfifvlFqgppqbTwdsDk,2024/12/02 14:56:49,,
user4,A.0.a,A.0.a/EjzIwFcLKXozW8emc1lM86I1Fs0TTUMf,2024/12/02 14:56:49,,
user5,A.0.a,A.0.a/jAEWectXi4jXGdo5V3ZhI4jSHu9RVgVv,2024/12/02 14:56:49,,
user6,A.0.a,A.0.a/pEZoLMFy82iQDnuOUnOL2Tl8mVv5xjgJ,2024/12/02 14:56:49,,
user7,A.0.a,A.0.a/OKH4W6nooMYVyJrv4UXPKJvNpfJbrqNz,2024/12/02 14:56:49,,
user8,A.0.a,A.0.a/S6jIM8UMNRAfvzbagZ5pn21CCqsUKB1r,2024/12/02 14:56:49,,
user9,A.0.a,A.0.a/KH1ZImR6y0o45AVRJWT9VK9t0pmLSiIb,2024/12/02 14:56:49,,
user10,A.0.a,A.0.a/hauDkv6xR7TUmp76HNYhPIRVP9Yj0I1p,2024/12/02 14:56:49,,
user11,A.0.a,A.0.a/GoT83K9eikocJBDYe7mGjVdaLMaclvq1,2024/12/02 14:56:49,,
user12,A.0.a,A.0.a/SAA2AwdDSirD2KiTNPDUtRj5uIzPNSSO,2024/12/02 14:56:49,,
user13,A.0.a,A.0.a/LScQiAQ0EkQBdCbGjdZKP8Vf9TKADiEo,2024/12/02 14:56:49,,
user14,A.0.a,A.0.a/ahpukSUJa0rsjxiv3XL3MC2YiA3Piqgn,2024/12/02 14:56:49,,
user15,A.0.a,A.0.a/o8licn3OTuDYH4jYBI1CITBjncXwrFqa,2024/12/02 14:56:49,,
user16,A.0.a,A.0.a/4BemFJNe1Bmbn3jtEDBGrm6245bW0GKY,2024/12/02 14:56:49,,
user17,A.0.a,A.0.a/DobDdzeM83uIOe07vyXA0BePBbBx1bzp,2024/12/02 14:56:49,,
user18,A.0.a,A.0.a/v7HzxN4jbFjiCyiC3mIwGsJXH4G1z41j,2024/12/02 14:56:49,,
user19,A.0.a,A.0.a/NE3i5RMIjedEtyQ4pvwiuyoyz4Zff0f3,2024/12/02 14:56:49,,
user20,A.0.a,A.0.a/7EsiMSlzehsRbbHEYG5CrfpCTVWj4h2Y,2024/12/02 14:56:49,,
user21,A.0.a,A.0.a/YtdcYm3xzXA6RBGLb0TdcS8NCjxXmKl9,2024/12/02 14:56:49,,
user22,A.0.a,A.0.a/fcNTP3TryxZip1kdq4j2eQjqKWrZzXEl,2024/12/02 14:56:49,,
user23,A.0.a,A.0.a/iZE3sfCVRTx1giAUtKH1d2Qd64mOaoYF,2024/12/02 14:56:49,,
user24,A.0.a,A.0.a/e0iQy8ZoPD9hl0SIxGb5vEQAIvDfoici,2024/12/02 14:56:49,,
user25,A.0.a,A.0.a/ooUt1X6MFxAz7oaaJpfSXlWEescQOLux,2024/12/02 14:56:49,,
user26,A.0.a,A.0.a/r25TmH5aQg1Wo52nnV3l0LzzlUIKpT5O,2024/12/02 14:56:49,,
user27,A.0.a,A.0.a/cFKdyETCO6DPxUex3peCBtENrPh6giL5,2024/12/02 14:56:49,,
user28,A.0.a,A.0.a/lAcB3w3p8snNBaEjzjsCtSU1t0DfRkUp,2024/12/02 14:56:49,,
user29,A.0.a,A.0.a/MAqWWhoUNBPtSkxrqlpuzcWvUudGs7p8,2024/12/02 14:56:49,,
user30,A.0.a,A.0.a/NRf2fSlQeIDHc5x2eZXLCASIDMy9CYcZ,2024/12/02 14:56:49,,
user31,A.0.a,A.0.a/qYenwVZajy1QGPYP9UwaKQo9JwsHktky,2024/12/02 14:56:49,,
user32,A.0.a,A.0.a/4oVjGM0205OH9bby3aEC512XIqdF9kRn,2024/12/02 14:56:49,,
user33,A.0.a,A.0.a/wryC2XLlWcmiXyjgBPUQkF3vz4lXsm8Z,2024/12/02 14:56:49,,
user34,A.0.a,A.0.a/x0uRuKb48Ec7PkICrGtqpRZPhg0NFhog,2024/12/02 14:56:49,,
user35,A.0.a,A.0.a/u1yoJypvTzbyWl8Z5ZGVnxDy6pHzOZ3o,2024/12/02 14:56:49,,
user36,A.0.a,A.0.a/8W3E7KN3sNc1o8ZOQbPMjI7CbAql120s,2024/12/02 14:56:49,,
user37,A.0.a,A.0.a/dF0HiAkiAEnNNDvCTb7M0bZZ8Udrh681,2024/12/02 14:56:49,,
user38,A.0.a,A.0.a/5Rky5eCHximtfHKZm36u4potUmnwjGqR,2024/12/02 14:56:49,,
user39,A.0.a,A.0.a/VkKn662xdmCF1QRSy2y27xQ9LZPA3FBI,2024/12/02 14:56:49,,
user40,A.0.a,A.0.a/xGQYIMD5jDWqMo4uF51zh0n2liPGEwRM,2024/12/02 14:56:49,,
user41,A.0.a,A.0.a/HLoO7KlY5tvUBCrVKNPNlKcYst3JfDYi,2024/12/02 14:56:49,,
user42,A.0.a,A.0.a/3aQg1r1eT1FpD30WvDcnXEnTT22N9kVi,2024/12/02 14:56:49,,
user43,A.0.a,A.0.a/TnESw0qxKIfclwmfisuFopz9tip22P4l,2024/12/02 14:56:49,,
user44,A.0.a,A.0.a/YOGadC6MOKzmhfinncbSpUDhQAk1Px2w,2024/12/02 14:56:49,,
user45,A.0.a,A.0.a/QtcfHbnAp6FA6TXdo83s7hzzr8sFoil8,2024/12/02 14:56:49,,
user46,A.0.a,A.0.a/88WqgNdjfdQ1TJSHYwQSFkz3HwuaYZSp,2024/12/02 14:56:49,,
user47,A.0.a,A.0.a/kd9VICtYgOUu2xdWdV9CeV7GABZuVedV,2024/12/02 14:56:49,,
user48,A.0.a,A.0.a/BP1Re7Ju6ceQvmj47xfwv3S2B8F2pUZc,2024/12/02 14:56:49,,
user49,A.0.a,A.0.a/HmQ1HFtTUw21YsKPJRAUoeYL8cTyeeQh,2024/12/02 14:56:49,,
user50,A.0.a,A.0.a/zpO3VtetmTZRo1jaVoz9Rg6VcJD2Lxp2,2024/12/02 14:56:49,,
user51,A.0.a,A.0.a/fYxlEAYSIm4FuoNIQg7dBUpzZQ79sfrd,2024/12/02 14:56:49,,
user52,A.0.a,A.0.a/ZaESwobASIxLf91WtnyVSMbu4LyClssX,2024/12/02 14:56:49,,
user53,A.0.a,A.0.a/XcvXc3gfdM6SF6Go1qiyi9eeW3tFn2Us,2024/12/02 14:56:49,,
user54,A.0.a,A.0.a/pAukv0DuOplC0Oge3O8w40G4E9JEBmuQ,2024/12/02 14:56:49,,
user55,A.0.a,A.0.a/PoK1Op6nb5VCRKmH7byzd8YFDTjZZ7EJ,2024/12/02 14:56:49,,
user56,A.0.a,A.0.a/6tIsR1uTlP5jZcY3JLDelN6Y132US0Lm,2024/12/02 14:56:49,,
user57,A.0.a,A.0.a/Gu1F3xgiX4Z6c4xStziQ895FrnPqXQM6,2024/12/02 14:56:49,,
user58,A.0.a,A.0.a/JjuJ7Onm1kX5XlCMMrED6kJZ303DmWPX,2024/12/02 14:56:49,,
user59,A.0.a,A.0.a/YtpjUaPGUxjULbsh7rk3PxKxovg2z3IZ,2024/12/02 14:56:49,,
user60,A.0.a,A.0.a/8W08YCIjfGgS0veQwJMG0ifyaLREW3kM,2024/12/02 14:56:49,,
user61,A.0.a,A.0.a/UXcxCwJ5zIdP0GS5AXNycU94mwxrJgWT,2024/12/02 14:56:49,,
user62,A.0.a,A.0.a/hvPTWf1btyhnEdD4h7hhwkcM3wo4lIXr,2024/12/02 14:56:49,,
user63,A.0.a,A.0.a/ikTWid5DzBDY4zaoQZshbzI2dr5feEvL,2024/12/02 14:56:49,,
user64,A.0.a,A.0.a/jwaWvopI4rVzPhaMXm8YhDd5lq7MNbgi,2024/12/02 14:56:49,,
user65,A.0.a,A.0.a/r58PMfDqACr9sBHNFOiGjwCUYvFVLvnk,2024/12/02 14:56:49,,
user66,A.0.a,A.0.a/W4Dhfcx1Yun9l4ryCi7oDTby7HLiav4f,2024/12/02 14:56:49,,
user67,A.0.a,A.0.a/OyoaMR75B5KzBkXhMnV7Aw3n7ZdbRnRP,2024/12/02 14:56:49,,
user68,A.0.a,A.0.a/kX4rPn1V71tFHEJqZDhI53lg6agjAlu6,2024/12/02 14:56:49,,
user69,A.0.a,A.0.a/539eejnATtr8iukI1XWHLrgZPC9lPAEm,2024/12/02 14:56:49,,
user70,A.0.a,A.0.a/ze6E1YabimddDAGDg5wlBMffYBnEqYEl,2024/12/02 14:56:49,,
user71,A.0.a,A.0.a/6xCwF5KispW7aqgmJTOgQyJaGBkEDMlH,2024/12/02 14:56:49,,
user72,A.0.a,A.0.a/hKwnmeRyb6UeC0nQAVe5LvjYojPuufL1,2024/12/02 14:56:49,,
user73,A.0.a,A.0.a/BRvQLD5qvYw5bMOvKVXQG0FodstOVCbv,2024/12/02 14:56:49,,
user74,A.0.a,A.0.a/BqoYFPQxNCEkZ5OY5HDpGFPmo86a3Rz1,2024/12/02 14:56:49,,
user75,A.0.a,A.0.a/8nAZkEOpY0lsgBi9oVZsFHr7kdJcG5gv,2024/12/02 14:56:49,,
user76,A.0.a,A.0.a/dCeGYgcRCIG3Oxz4LxlLlA6uRVVZg1W6,2024/12/02 14:56:49,,
user77,A.0.a,A.0.a/rRGlORkdE0MxlS6tPz5kgJTagZkkYA1U,2024/12/02 14:56:49,,
user78,A.0.a,A.0.a/AgFG6a4g5TCRhVewicSJAMvZTT52QsVB,2024/12/02 14:56:49,,
user79,A.0.a,A.0.a/n3GJbICqa0Gf7jgtCHEzxodSSQAOK0o0,2024/12/02 14:56:49,,
user80,A.0.a,A.0.a/ZCGsucK11CmdsT3mO7nZZtjAElRyTZ26,2024/12/02 14:56:49,,
user81,A.0.a,A.0.a/p8yGCI5GQF4unFwOeKOoXewqYU0jyB66,2024/12/02 14:56:49,,
user82,A.0.a,A.0.a/zmc8xcfkP3sfCUooEwlA2QBwZXdtEbal,2024/12/02 14:56:49,,
user83,A.0.a,A.0.a/Ny8K1LPyVppAjouME7Ru22uiXuOvGgjF,2024/12/02 14:56:49,,
user84,A.0.a,A.0.a/9DruEdA5YJ3iTQ6SUKFt7D2UYSpYnyZv,2024/12/02 14:56:49,,
user85,A.0.a,A.0.a/yme0kWrcZBGhBKfmthSVFLnrcrUN6Ia5,2024/12/02 14:56:49,,
user86,A.0.a,A.0.a/F9J6wbZI1kFZyJPWDYXNkKcCGvGGQZ02,2024/12/02 14:56:49,,
user87,A.0.a,A.0.a/bNSv29owBtk2RzrrA5Ck2XiZ9ZclM8cD,2024/12/02 14:56:49,,
user88,A.0.a,A.0.a/Yu8dFJ1V7mnWq3nS2HmpZTRvWPZadXcF,2024/12/02 14:56:49,,
user89,A.0.a,A.0.a/tqABc9lDWdlGrzh3Mrqd6v74pQoILeEf,2024/12/02 14:56:49,,
user90,A.0.a,A.0.a/ZArNBDKFu5XmyFqGS3bf0fy9rPaSNVgn,2024/12/02 14:56:49,,
user91,A.0.a,A.0.a/wKCOrRTmDNelCkEJhWPzLwDfoCMbZess,2024/12/02 14:56:49,,
user92,A.0.a,A.0.a/6UqgTvqXkN9i6yKsPr2YiKaEtRbpnutr,2024/12/02 14:56:49,,
user93,A.0.a,A.0.a/z52Ufcr5lzFVMAHoYcmAj0hUGVAkRcXW,2024/12/02 14:56:49,,
user94,A.0.a,A.0.a/vFI0ByFnAyQPvCyAs96W7WvfiflsX2Ec,2024/12/02 14:56:49,,
user95,A.0.a,A.0.a/dE8V0mOhStSoAnllIXisn85Tydats9EA,2024/12/02 14:56:49,,
user96,A.0.a,A.0.a/awYdmE789ajn6zdrjLMt95ah72fySkQh,2024/12/02 14:56:49,,
user97,A.0.a,A.0.a/pbokivSioWidr2TjbWYE7YfbSe8YViLH,2024/12/02 14:56:49,,
user98,A.0.a,A.0.a/UmmAizid3ZFOqvCpyd6rrjLQi8oeFNPe,2024/12/02 14:56:49,,
user99,A.0.a,A.0.a/TCxRotLbmTRAh6KGbdeZpm3Oh5sItUrg,2024/12/02 14:56:49,,
user100,A.0.a,A.0.a/4BgXME4i3E8jZATHTLHl2q1VQLNbG7AI,2024/12/02 14:56:49,,
